Key,Terms,FullTimeUGEnrollments,MovingRangeEnrollments,UCLr,Rbar,LCLx,UCLx
1,Fall 12,2166,0,0,0,0,0
2,Spring 13,1990,0,0,0,0,0
3,Fall 13,2080,0,0,0,0,0
4,Spring 14,1929,0,0,0,0,0
5,Fall 14,1992,0,0,0,0,0
6,Spring 15,1763,0,0,0,0,0
7,Fall 15,1806,0,0,0,0,0
8,Spring 16,1601,0,0,0,0,0
9,Fall 16,1500,0,0,0,0,0
10,Spring 17,1327,0,0,0,0,0
11,Fall 17,1413,0,0,0,0,0
12,Spring 18,1263,0,0,0,0,0
13,Fall 18,1412,0,0,0,0,0
14,Spring 19,1274,0,0,0,0,0
15,Fall 19,1384,0,0,0,0,0
16,Spring 20,1229,0,0,0,0,0
17,Fall 20,1441,0,0,0,0,0
18,Spring 21,1222,0,0,0,0,0
18,Fall 21,1357,0,0,0,0,0
20,Spring 22,1212,0,0,0,0,0
21,Fall 22,1327,0,0,0,0,0
22,Spring 23,1163,0,0,0,0,0
